"hotel_name","city","address","rating","top_attractions","Restaurants & cafes","Public transit","Closest Airports","Parking","Languages Spoken","Check_in","Check_out","Pets_allowance","facilities"
"Radisson Collection Hotel, Berlin","Berlin","Karl-Liebknecht-Str. 3, Mitte, 10178 Berlin, Germany Excellent location – rated 9.7/10!","8.7","['The Brandenburg Gate\n1.7 km', 'Topography of Terror\n2.5 km', 'Alexanderplatz\n900 m', 'Holocaust Memorial\n2 km', 'Pergamon Museum\n550 m', 'Natural History Museum, Berlin\n2.3 km', 'Gendarmenmarkt\n1.1 km', 'Neues Museum\n450 m', 'Berlin TV Tower\n450 m', 'German Historical Museum\n450 m']","['RestaurantEspresso House\n50 m', 'RestaurantHeat\n50 m', ""RestaurantBandy's Currywurst\n40 m""]","['TrainHackescher Markt Station 500 m', 'SubwayMuseumsinsel Underground Station 250 m', 'SubwayRotes Rathaus Underground Station 500 m', 'TrainS-Bahn-Hackescher Markt 450 m', 'BusLustgarten 250 m', 'BusSpandauer STR./Marienkirche 200 m']","['Berlin Brandenburg Airport Willy Brandt\n27 km']","False","['Spanish', 'English', 'German', 'French', 'Italian']","From 3:00 PM","Until 12:00 PM","False","['Non-smoking rooms', 'Spa', 'Fitness center', 'Tea/Coffee Maker in All Rooms', 'Family rooms', 'Bar', 'Parking on site', 'Wonderful Breakfast', 'Indoor swimming pool', 'Free Wifi']"
"InterContinental Berlin by IHG","Berlin","Budapester Str. 2, Mitte, 10787 Berlin, Germany Excellent location – rated 9.1/10!","","['Memorial of the Berlin Wall\n5 km', 'Potsdamer Platz\n2.4 km', 'Natural History Museum, Berlin\n3.9 km', 'German Historical Museum\n4 km', 'Gendarmenmarkt\n3.6 km', 'Pergamon Museum\n4.4 km', 'The Brandenburg Gate\n2.8 km', 'Neues Museum\n4.5 km', 'Topography of Terror\n3.1 km', 'Holocaust Memorial\n2.6 km']","['RestaurantHugos Restaurant\n1 m', 'RestaurantL.a. Cafe\n1 m', 'RestaurantJa Niko Ja\n50 m']","['TrainZoologischer Garten Train Station 1.1 km', 'BusCorneliusbrücke 250 m', 'SubwayWittenbergplatz 750 m', 'TrainBayern, Express & P. Kühn Berlin 1.3 km', 'BusBudapester STR. 50 m']","['Berlin Brandenburg Airport Willy Brandt\n28 km']","False","[]","From 3:00 PM","Until 12:00 PM","False","['Non-smoking rooms', 'Spa', 'Fitness center', 'Bar', 'Family rooms', 'Parking on site', 'Wonderful Breakfast', 'Indoor swimming pool', 'Airport shuttle', 'Free Wifi']"
"Hilton Berlin","Berlin","Anton-Wilhelm-Amo-Str. 30, Mitte, 10117 Berlin, Germany Excellent location – rated 9.4/10!","","['Alexanderplatz\n2 km', 'Holocaust Memorial\n1.2 km', 'Pergamon Museum\n1.3 km', 'Natural History Museum, Berlin\n2.5 km', 'The Brandenburg Gate\n1.4 km', 'Berlin TV Tower\n1.8 km', 'Neues Museum\n1.4 km', 'Topography of Terror\n1.2 km', 'Gendarmenmarkt\n250 m', 'Potsdamer Platz\n1.3 km']","['RestaurantListo Lounge\n0 m', 'RestaurantHilton Kantine\n0 m', 'RestaurantBerlin Capital Club\n0 m']","['TrainAm Kupfergraben 1.1 km', 'BusU Stadtmitte/Krausenstr. 400 m', 'SubwayU Stadtmitte (U2) 50 m', 'BusJerusalemer Str. 450 m', 'SubwayHausvogteiplatz Metro Station 200 m', 'TrainUniversitätsstr. 1 km']","['Berlin Brandenburg Airport Willy Brandt\n24 km']","False","[]","From 2:00 PM","Until 11:00 AM","False","['Non-smoking rooms', 'Spa', 'Fitness center', 'Tea/Coffee Maker in All Rooms', 'Family rooms', 'Bar', 'Parking on site', 'Very Good Breakfast', 'Indoor swimming pool', 'Free Wifi']"
"Steigenberger Hotel Am Kanzleramt","Berlin","Ella-Trebe-Straße 5, Mitte, 10557 Berlin, Germany Excellent location – rated 9.5/10!","8.8","['Holocaust Memorial\n1.7 km', 'Gendarmenmarkt\n2.6 km', 'Pergamon Museum\n2.7 km', 'Neues Museum\n2.7 km', 'Topography of Terror\n2.8 km', 'Memorial of the Berlin Wall\n2.3 km', 'Großer Tiergarten Park\n1.2 km', 'German Historical Museum\n2.6 km', 'Potsdamer Platz\n2.1 km', 'The Brandenburg Gate\n1.5 km']","['Cafe/BarStarbucks\n300 m', 'RestaurantCapital Beach\n250 m', 'RestaurantVapiano\n200 m']","['TrainClara-Jaschke-STR. 250 m', 'BusLehrter STR./Invalidenstr. 450 m', 'SubwayBundestag Metro Station 750 m', 'BusLesser-Ury-Weg 600 m', 'TrainBerlin Central Station 250 m', 'SubwayHauptbahnhof Metro Station 300 m']","['Berlin Brandenburg Airport Willy Brandt\n28 km']","False","['English', 'German']","From 3:00 PM","Until 12:00 PM","False","['Fitness center', 'Tea/Coffee Maker in All Rooms', 'Free Wifi', 'Bar', 'Wonderful Breakfast', 'Spa', 'Parking on site', 'Family rooms', 'Restaurant', 'Non-smoking rooms']"
"Hampton by Hilton Berlin City Centre Alexanderplatz","Berlin","Otto-Braun-Straße 69 , Mitte, 10178 Berlin, Germany Excellent location – rated 9/10!","8.1","['Holocaust Memorial\n3.3 km', 'German Historical Museum\n1.9 km', 'Natural History Museum, Berlin\n3.1 km', 'The Brandenburg Gate\n3.2 km', 'Potsdamer Platz\n3.9 km', 'Neues Museum\n1.9 km', 'Topography of Terror\n3.6 km', 'Pergamon Museum\n1.9 km', 'Gendarmenmarkt\n2.3 km', 'Memorial of the Berlin Wall\n2.4 km']","['Cafe/BarEdelweiß Weihnachtsmarkt\n150 m', 'RestaurantZille-Stube\n350 m', 'RestaurantWandel\n200 m']","['BusMollstr./Prenzlauer Allee 300 m', 'TrainBüschingstr. 650 m', 'SubwayU-Bahn-Schillingstraße 650 m', 'BusMollstr./Otto-Braun-STR. 100 m', 'TrainBerlin Alexanderplatz 850 m', 'SubwayU-Bahn-Alexanderplatz 400 m']","['Berlin Brandenburg Airport Willy Brandt\n24 km']","False","['Polish', 'Italian', 'Arabic', 'French', 'English', 'German', 'Spanish', 'Russian']","From 3:00 PM","Until 12:00 PM","False","['Facilities for disabled guests', 'Fitness center', 'Tea/Coffee Maker in All Rooms', 'Free Wifi', 'Bar', 'Private Parking', 'Family rooms', 'Very Good Breakfast', 'Non-smoking rooms', '24-hour front desk']"
"NH Collection Berlin Mitte Friedrichstrasse","Berlin","Friedrichstr. 96, Mitte, 10117 Berlin, Germany Excellent location – rated 9.5/10!","8.6","['Holocaust Memorial\n1.2 km', 'Topography of Terror\n1.8 km', 'The Brandenburg Gate\n1 km', 'Natural History Museum, Berlin\n1.5 km', 'Neues Museum\n950 m', 'Alexanderplatz\n2.1 km', 'Memorial of the Berlin Wall\n2.1 km', 'Berlin TV Tower\n1.7 km', 'Potsdamer Platz\n1.9 km', 'Pergamon Museum\n900 m']","['RestaurantDean & David\n20 m', ""RestaurantMcDonald's\n50 m"", 'Cafe/BarStarbucks\n10 m']","['BusBrandenburger Tor (S+U)/Glinkastr. 450 m', 'TrainS-Bahn-Friedrichstraße 350 m', 'SubwayFriedrichstraße Metro Station 50 m', 'BusS+U Brandenburger Tor/Glinkastr. 550 m', 'SubwayU-Bahn-Friedrichstraße 40 m', 'TrainBahnhof Berlin Friedrichstraße 200 m']","['Berlin Brandenburg Airport Willy Brandt\n27 km']","False","['English', 'Spanish', 'German', 'Italian']","From 3:00 PM","Until 12:00 PM","False","['Airport shuttle', 'Fitness center', 'Tea/Coffee Maker in All Rooms', 'Free Wifi', 'Bar', 'Private Parking', 'Wonderful Breakfast', 'Family rooms', 'Restaurant', 'Non-smoking rooms']"
"Grand Hyatt Berlin","Berlin","Marlene-Dietrich-Platz 2, Mitte, 10785 Berlin, Germany Excellent location – rated 9.4/10!","8.9","['Gendarmenmarkt\n1.9 km', 'Memorial of the Berlin Wall\n4 km', 'The Brandenburg Gate\n1.3 km', 'Pergamon Museum\n2.8 km', 'German Historical Museum\n2.4 km', 'Natural History Museum, Berlin\n2.9 km', 'Alexanderplatz\n3.7 km', 'Neues Museum\n2.9 km', 'Mauermuseum - Haus am Checkpoint Charlie\n1.5 km', 'Berlin TV Tower\n3.3 km']","['RestaurantLindenbräu am Potsdamer Platz\n10 m', 'RestaurantVox Restaurant\n10 m', 'RestaurantVox\n40 m']","['TrainS-Bahn-Potsdamer Platz 400 m', 'TrainBerlin Potsdamer Platz 400 m', 'BusPhilharmonie Süd 200 m', 'SubwayU-Bahn-Potsdamer Platz 450 m', 'SubwayPotsdamer Platz Metro Station 500 m', 'BusVarian-Fry-STR./Potsdamer Platz 250 m']","['Berlin Brandenburg Airport Willy Brandt\n30 km']","False","['Chinese', 'Polish', 'Croatian', 'French', 'English', 'German', 'Vietnamese', 'Spanish', 'Portuguese', 'Russian']","From 3:00 PM","Until 12:00 PM","False","['Fitness center', 'Tea/Coffee Maker in All Rooms', 'Free Wifi', 'Bar', 'Excellent Breakfast', 'Private Parking', 'Spa', 'Family rooms', 'Non-smoking rooms', 'Indoor swimming pool']"
"Park Inn by Radisson Berlin Alexanderplatz","Berlin","Alexanderplatz 7, Mitte, 10178 Berlin, Germany Excellent location – rated 9.5/10!","8.0","['Pergamon Museum\n1.4 km', 'Natural History Museum, Berlin\n2.7 km', 'Holocaust Memorial\n2.9 km', 'Potsdamer Platz\n3.5 km', 'Topography of Terror\n3.4 km', 'German Historical Museum\n1.4 km', 'Memorial of the Berlin Wall\n2.3 km', 'Gendarmenmarkt\n2 km', 'Quartier Schuetzenstrasse\n2.8 km', 'The Brandenburg Gate\n2.7 km']","['RestaurantBURGER KING\n50 m', 'Cafe/BarGood Bank\n300 m', ""RestaurantHumboldt's\n30 m""]","['BusAlexanderplatz Bahnhof (S+U)/Memhardstr. 150 m', 'SubwayAlexanderplatz Metro Station 400 m', 'TrainS-Bahn-Alexanderplatz 350 m', 'TrainBerlin Alexanderplatz 300 m', 'BusS+U Alexanderpl./Grunerstr. [Alexanderstr.] 30 m', 'SubwayU-Bahn-Alexanderplatz 200 m']","['Berlin Brandenburg Airport Willy Brandt\n24 km']","False","['Italian', 'French', 'English', 'German', 'Spanish']","From 3:00 PM","Until 12:00 PM","False","['Facilities for disabled guests', 'Fitness center', 'Free Wifi', '2 restaurants', 'Bar', 'Spa', 'Parking on site', 'Non-smoking rooms', 'Good Breakfast', '24-hour front desk']"
"Gorki Apartments","Rome","Weinbergsweg 25, Mitte, 10119 Berlin, Germany Excellent location – rated 9.8/10!","9.5","['Alexanderplatz\n1.6 km', 'The Brandenburg Gate\n2.9 km', 'Holocaust Memorial\n3.1 km', 'Neues Museum\n1.5 km', 'Pergamon Museum\n1.6 km', 'Gendarmenmarkt\n2.4 km', 'Berlin TV Tower\n1.6 km', 'Topography of Terror\n3.8 km', 'Natural History Museum, Berlin\n1.8 km', 'German Historical Museum\n1.8 km']","['RestaurantDatscha-Mitte\n0 m', 'RestaurantCapvin\n20 m', 'Restaurant100 Gramm Bar\n0 m']","['SubwayU-Bahn-Rosenthaler Platz 100 m', 'TrainZionskirchplatz 650 m', 'SubwayU-Bahn-Rosenthaler Platz 200 m', 'BusPappelplatz 650 m', 'TrainU-Bahnhof Rosa-Luxemburg-Platz 750 m', 'BusBrunnenstr./Invalidenstr. 400 m']","['Berlin Brandenburg Airport Willy Brandt\n26 km']","False","['Weinbergspark350 m', 'Memorial of the Berlin Wall1.1 km', 'Kolle 371.3 km', 'Monbijou Park1.2 km', 'Berlin Dungeon1.3 km', 'James-Simon-Park1.1 km', 'Italian', 'Polish', 'French', 'Hirschhof1.1 km', 'German', 'English', 'Arkonaplatz900 m', 'Jacob-Teitel-Park450 m', 'KW Institute for Contemporary Art800 m', 'Spanish']","From 3:00 PM","Until 12:00 PM","False","['Airport shuttle', 'Free Wifi', 'Breakfast', 'Private Parking', 'Elevator', 'Laundry', 'Garden', 'Family rooms', 'Non-smoking rooms', '24-hour front desk']"
"Mr(s)STiL Design Apartments","Rome","7 Sächsische Straße, Charlottenburg-Wilmersdorf, 10707 Berlin, Germany Excellent location – rated 9.4/10!","9.6","['Pergamon Museum\n6 km', 'The Brandenburg Gate\n5 km', 'Holocaust Memorial\n5 km', 'Topography of Terror\n5 km', 'German Historical Museum\n6 km', 'Memorial of the Berlin Wall\n7 km', 'Neues Museum\n6 km', 'Potsdamer Platz\n4.7 km', 'Natural History Museum, Berlin\n6 km', 'Gendarmenmarkt\n6 km']","['RestaurantSushi Paris\n150 m', 'RestaurantKochkunst & Ereignisse\n20 m', 'RestaurantRico Falafel\n100 m']","['SubwayHohenzollernplatz Underground Station 750 m', 'BusPariser STR. 500 m', 'TrainSavignyplatz 950 m', 'SubwayU-Bahn-Hohenzollernplatz 700 m', 'TrainS-Bahn-Savignyplatz 1,000 m', 'BusOlivaer Platz Süd 500 m']","['Berlin Brandenburg Airport Willy Brandt\n29 km']","False","['English', 'Russian', 'German', 'Ukrainian']","From 3:00 PM to 11:00 PM","From 8:00 AM to 11:00 AM","False","['Facilities for disabled guests', 'Free Wifi', 'Heating', 'Daily housekeeping', 'Elevator', 'Room service', 'Laundry', 'Wonderful Breakfast', 'Family rooms', 'Non-smoking rooms']"
"Citadines Kurfürstendamm Berlin","Rome","Olivaer Platz 1, Charlottenburg-Wilmersdorf, 10707 Berlin, Germany Excellent location – rated 9.2/10!","8.9","['The Brandenburg Gate\n5 km', 'Holocaust Memorial\n5 km', 'Topography of Terror\n5 km', 'German Historical Museum\n6 km', 'Pergamon Museum\n7 km', 'Memorial of the Berlin Wall\n7 km', 'Natural History Museum, Berlin\n6 km', 'Potsdamer Platz\n4.9 km', 'Neues Museum\n7 km', 'Gendarmenmarkt\n6 km']","['RestaurantAux Merveilleux de Fred\n30 m', 'RestaurantFit & Organic by Adriana\n50 m', 'Cafe/BarCosta Coffee\n50 m']","['TrainSavignyplatz 1.1 km', 'SubwayU-Bahn-Adenauerplatz 500 m', 'BusOlivaer Platz Süd 50 m', 'BusOlivaer Platz 250 m', 'TrainS-Bahn-Savignyplatz 850 m', 'SubwayAdenauerplatz Metro Station 450 m']","['Berlin Brandenburg Airport Willy Brandt\n28 km']","False","['Sportplatz Forckenbeckstraße2.8 km', 'Spielplatz Stuttgarter Platz1.4 km', 'Volkspark Wilmersdorf1.7 km', 'Berggruen Museum2.9 km', 'Indiana Bones Spielplatz1.8 km', 'Funkturm Berlin3 km', 'Spielplatz Charlottenburger Ufer 72.8 km', 'Savigny Square1.2 km', 'Magarete-und-Artuhr-Eloesser- Park1.1 km', 'Liebknecht-Denkmal Tiergarten3 km']","From 3:00 PM","Until 11:00 AM","False","['Facilities for disabled guests', 'Free Wifi', 'Terrace', 'Private Parking', 'Elevator', 'Garden', 'Family rooms', 'Non-smoking rooms', 'Good Breakfast', '24-hour front desk']"
"NexLiving Berlin Brandenburger Tor","Rome","Unter den Linden 80 / Pariser Platz 4a, Mitte, 10117 Berlin, Germany Excellent location – rated 9.9/10!","8.8","['Pergamon Museum\n1.5 km', 'Memorial of the Berlin Wall\n2.7 km', 'Potsdamer Platz\n1.1 km', 'Natural History Museum, Berlin\n1.6 km', 'Gendarmenmarkt\n1.2 km', 'Topography of Terror\n1.3 km', 'Neues Museum\n1.6 km', 'Berlin TV Tower\n2.1 km', 'Alexanderplatz\n2.5 km', 'German Historical Museum\n1.1 km']","['Cafe/BarStarbucks\n50 m', 'RestaurantPanini Bar\n50 m', ""Cafe/BarDunkin'\n40 m""]","['SubwayU-Bahn-Friedrichstraße 650 m', 'TrainS Brandenburger Tor 100 m', 'TrainS-Bahn-Friedrichstraße 650 m', 'SubwayBrandenburger Tor Suburban Railway and Underground Station 50 m', 'BusS+U Brandenburger Tor/Glinkastr. 250 m', 'BusBehrenstr./Wilhelmstr. 250 m']","['Berlin Brandenburg Airport Willy Brandt\n27 km']","False","['English', 'German']","From 2:00 PM to 7:00 PM","From 7:00 AM to 12:00 PM","False","['Free Wifi', 'Bar', 'Terrace', 'Heating', 'Family rooms', 'Non-smoking rooms']"
"Homely Berlin - Super Modern, City Center, Rosenthalerplatz","Rome","130 Linienstraße, Mitte, 10115 Berlin, Germany Excellent location – rated 9.4/10!","8.5","['The Brandenburg Gate\n1.9 km', 'Alexanderplatz\n2.2 km', 'Holocaust Memorial\n2.2 km', 'Potsdamer Platz\n2.8 km', 'Topography of Terror\n2.8 km', 'German Historical Museum\n1.7 km', 'Neues Museum\n1.6 km', 'Berlin TV Tower\n2 km', 'Gendarmenmarkt\n1.8 km', 'Pergamon Museum\n1.7 km']","['Cafe/BarAnna Hirsch\n6 m', 'RestaurantChelany\n6 m', 'RestaurantMarral\n4 m']","['SubwayU-Bahn-Oranienburger Tor 150 m', 'TrainOranienburgerstrasse 500 m', 'BusTorstr./U Oranienburger Tor 100 m', 'SubwayOranienburger Tor Metro Station 300 m', 'TrainS-Bahn-Oranienburger Straße 500 m', 'BusPhilippstr. 350 m']","['Berlin Brandenburg Airport Willy Brandt\n27 km']","False","['Palace of Tears800 m', 'Agnes-Sorma-Park850 m', 'Altes Museum1.5 km', 'Boros Foundation700 m', 'German', 'English', 'Bode Museum1.1 km', 'Memorial of the Berlin Wall1.2 km', 'Hochseilgarten MountMitte950 m', 'Monbijou Park950 m', 'KW Institute for Contemporary Art550 m', 'Natural History Museum, Berlin800 m']","From 3:00 PM","Until 10:00 AM","False","['Free Wifi', 'Heating', 'Family rooms', 'Non-smoking rooms', 'Parking']"
"APPARTEMENT PARIS - LOUVRE & RIVOLI","Paris","71 Rue Saint-Honoré, 1st arr., 75001 Paris, France Excellent location – rated 9.6/10!","8.7","['Tuileries Garden\n1.4 km', 'Luxembourg Gardens\n1.8 km', 'Eiffel Tower\n4.3 km', 'Sainte Chapelle\n800 m', ""Musée de l'Orangerie\n1.8 km"", 'Rodin Museum\n2.8 km', 'Pompidou Center\n750 m', 'Arc de Triomphe\n4.1 km', 'Orsay Museum\n1.8 km']","['RestaurantB &J Developpement\n10 m', 'RestaurantBun Bun\n30 m', 'RestaurantMilo\n4 m']","['SubwayLouvre — Rivoli 300 m', 'TrainChâtelet - Les Halles 300 m', 'BusRond-Point de la Division Leclerc 16 km', 'SubwayChâtelet-Les Halles RER Station 200 m', 'TrainSaint-Michel Notre-Dame 1.2 km', 'BusDivision Leclerc - Wallon 16 km']","['Beauvais–Tillé Airport\n84 km', 'Paris - Orly Airport\n14 km', 'Paris - Charles De Gaulle Airport\n22 km']","False","[]","From 3:00 PM to 11:00 PM","From 6:00 AM to 11:00 AM","False","['Heating', 'Free Wifi', 'Non-smoking rooms']"
"Appartement de luxe d'une chambre à proximité du Louvre III","Paris","4 Rue de la Sourdière, 1st arr., 75001 Paris, France Excellent location – rated 10/10!","10","['Eiffel Tower\n3.5 km', 'Pompidou Center\n1.9 km', 'Sainte Chapelle\n1.9 km', 'Rodin Museum\n2.1 km', ""Musée de l'Orangerie\n900 m"", 'Louvre Museum\n800 m', 'Luxembourg Gardens\n2.6 km', 'Arc de Triomphe\n3.2 km', 'Orsay Museum\n1.1 km']","['RestaurantMatsuda\n50 m', 'RestaurantSecret Flavor Europe\n5 m', ""RestaurantMar'Co\n3 m""]","['SubwayTuileries Metro Station 200 m', 'SubwayPyramides Metro Station 350 m', 'TrainAuber Station 900 m', 'BusDivision Leclerc - Wallon 16 km', ""TrainMusée d'Orsay 950 m"", 'BusCosmonautes 16 km']","['Beauvais–Tillé Airport\n83 km', 'Paris - Orly Airport\n15 km', 'Paris - Charles De Gaulle Airport\n21 km']","False","['French', 'English']","From 4:00 PM to 10:00 PM","From 12:00 AM to 11:00 AM","False","['Free Wifi', 'Elevator', 'Air conditioning']"
"Arc de Triomphe Apartment","Paris","17 Rue des Acacias, 17th arr., 75017 Paris, France Excellent location – rated 9.5/10!","8.8","['Eiffel Tower\n2.7 km', ""Musée de l'Orangerie\n2.8 km"", 'Orsay Museum\n3.6 km', 'Louvre Museum\n4.3 km', 'Sainte Chapelle\n5 km', 'Rodin Museum\n3.6 km', 'Palace of Versailles\n17 km', 'Luxembourg Gardens\n5 km', 'Pompidou Center\n5 km', 'Tuileries Garden\n3.4 km']","['RestaurantMallory Gabsi\n50 m', 'RestaurantFresh in Paris\n50 m', 'RestaurantMerci Jerome\n30 m']","['SubwayArgentine Metro Station 200 m', 'SubwayCharles de Gaulle-Etoile Metro Station 500 m', 'TrainNeuilly - Porte Maillot 700 m', 'BusCosmonautes 18 km', 'BusManouchian 18 km', 'TrainCharles de Gaulle-Étoile 500 m']","['Paris - Charles De Gaulle Airport\n24 km', 'Paris - Orly Airport\n22 km', 'Beauvais–Tillé Airport\n82 km']","False","[]","From 1:00 PM to 11:00 PM","From 11:00 AM to 12:00 PM","False","['Free Wifi', 'Heating', 'Elevator', 'Restaurant', 'Non-smoking rooms', 'Parking', '24-hour front desk']"
"Stylish Flat Close to Louvre & Palais-Royal","Paris","34 Rue de Richelieu, 1st arr., 75001 Paris, France Excellent location – rated 10/10!","","['Rodin Museum\n2.4 km', 'Pompidou Center\n1.6 km', ""Musée de l'Orangerie\n1.4 km"", 'Arc de Triomphe\n3.6 km', 'Eiffel Tower\n3.9 km', 'Sainte Chapelle\n1.8 km', 'Louvre Museum\n650 m', 'Luxembourg Gardens\n2.4 km', 'Orsay Museum\n1.4 km', 'Tuileries Garden\n850 m']","['RestaurantEllsworth\n0 m', 'Cafe/BarChatime\n30 m', 'RestaurantLe Festival\n0 m']","['TrainAuber Station 1 km', 'BusCosmonautes 14 km', 'TrainChâtelet - Les Halles 1.1 km', 'SubwayPyramides Metro Station 300 m', 'SubwayPalais Royal – Musée du Louvre Metro Station 300 m', 'BusDivision Leclerc - Wallon 14 km']","['Beauvais–Tillé Airport\n79 km', 'Paris - Orly Airport\n15 km', 'Paris - Charles De Gaulle Airport\n19 km']","False","[]","From 3:00 PM","Until 11:00 AM","False","['Free Wifi', 'Air conditioning', 'Heating', 'Elevator', 'Non-smoking rooms']"
"Mondovi Luxury Suites","Paris","7 Rue de Mondovi, 1st arr., 75001 Paris, France Excellent location – rated 9.9/10!","","['Luxembourg Gardens\n3.2 km', 'Eiffel Tower\n3.1 km', 'Rodin Museum\n1.9 km', 'Louvre Museum\n1.4 km', 'Pompidou Center\n2.5 km', 'Arc de Triomphe\n2.8 km', 'Sainte Chapelle\n2.5 km', 'Orsay Museum\n1.1 km']","['RestaurantLe Florentin\n200 m', 'RestaurantMado à Paris\n200 m', 'RestaurantFlottes\n100 m']","['SubwayMadeleine Metro Station 400 m', 'TrainAuber Station 850 m', 'BusDivision Leclerc - Wallon 16 km', 'BusCosmonautes 16 km', ""TrainMusée d'Orsay 1.1 km"", 'SubwayConcorde Metro Station 400 m']","['Beauvais–Tillé Airport\n83 km', 'Paris - Charles De Gaulle Airport\n22 km', 'Paris - Orly Airport\n17 km']","False","[]","From 4:00 PM","Until 12:00 PM","False","['Facilities for disabled guests', 'Free Wifi', 'Bar', 'Heating', 'Breakfast', 'Elevator', 'Laundry', 'Family rooms', 'Non-smoking rooms', '24-hour front desk']"
"Ukrainian Village 2BR Modern Apartment D2","Chicago","908 N Damen Ave, Chicago, IL 60622, USA, Chicago, 60622, United States After booking, all of the property’s details, including telephone and address, are provided in your booking confirmation and your account.","8.3","['Cloud Gate – The Bean\n5 km', 'Millennium Park\n5 km', 'Field Museum of Natural History\n7 km', 'Chicago History Museum\n5 km', 'Grant Park\n6 km', 'Buckingham Memorial Fountain\n6 km', 'Charnley-Persky House Museum\n5 km', 'Art Institute of Chicago\n5 km', 'Navy Pier\n6 km', 'Lincoln Park Zoo\n6 km']","['RestaurantSUBWAY\n200 m', 'RestaurantGreek Corner Gyros\n150 m', 'RestaurantLao Peng You\n250 m']","['TrainWestern Avenue 1.9 km', 'TrainClybourn 2.8 km', 'SubwayDivision 1.4 km', 'SubwayDamen 1.3 km']","[""Chicago O'Hare International Airport\n25 km"", 'Midway International Airport\n16 km']","False","['English']","From 4:00 PM to 10:00 PM","Until 11:00 AM","True","['Free Wifi']"
"East Village 2BR Modern Apartment H1","Chicago","846 N Hermitage Ave, Chicago, IL 60622, USA, Chicago, 60622, United States Excellent location – rated 9.4/10!","7.6","['Charnley-Persky House Museum\n4.7 km', 'Cloud Gate – The Bean\n5 km', 'Millennium Park\n5 km', 'Navy Pier\n5 km', 'Lincoln Park Zoo\n5 km', 'Field Museum of Natural History\n7 km', 'Buckingham Memorial Fountain\n6 km', 'Art Institute of Chicago\n5 km', 'Grant Park\n5 km', 'Chicago History Museum\n4.8 km']","[""RestaurantKoko's Mediterranean Grille\n150 m"", 'RestaurantYuzu Sushi & Robata Grill\n250 m', 'RestaurantForbidden Root\n100 m']","['TrainWestern Avenue 2.3 km', 'TrainClybourn 2.5 km', 'SubwayChicago 1.5 km', 'SubwayDivision 1 km']","[""Chicago O'Hare International Airport\n25 km"", 'Midway International Airport\n16 km']","False","['English']","From 4:00 PM to 10:00 PM","Until 11:00 AM","False","['Free Wifi']"
"Ukrainian Village 2BR Modern Apartment D1","Chicago","906 N Damen Ave, Chicago, IL 60622, USA, Chicago, 60622, United States After booking, all of the property’s details, including telephone and address, are provided in your booking confirmation and your account.","8.6","['Cloud Gate – The Bean\n5 km', 'Millennium Park\n5 km', 'Field Museum of Natural History\n7 km', 'Chicago History Museum\n5 km', 'Grant Park\n6 km', 'Buckingham Memorial Fountain\n6 km', 'Charnley-Persky House Museum\n5 km', 'Art Institute of Chicago\n5 km', 'Navy Pier\n6 km', 'Lincoln Park Zoo\n6 km']","['RestaurantSUBWAY\n200 m', 'RestaurantGreek Corner Gyros\n150 m', ""Cafe/BarNilda's Place\n250 m""]","['TrainWestern Avenue 1.9 km', 'TrainClybourn 2.8 km', 'SubwayDivision 1.4 km', 'SubwayDamen 1.3 km']","[""Chicago O'Hare International Airport\n25 km"", 'Midway International Airport\n16 km']","False","[]","From 4:00 PM to 10:00 PM","Until 11:00 AM","True","['Free Wifi']"
"Trendy West Town Flat - 2 bed / 1.5 bath w parking","Chicago","1836 West Superior Street 1F, Chicago, IL 60622, United States Excellent location – rated 9.4/10!","9.7","['Cloud Gate – The Bean\n5 km', 'Millennium Park\n5 km', 'Navy Pier\n5 km', 'Field Museum of Natural History\n7 km', 'Chicago History Museum\n5 km', 'Grant Park\n6 km', 'Buckingham Memorial Fountain\n6 km', 'Charnley-Persky House Museum\n5 km', 'Art Institute of Chicago\n5 km', 'Lincoln Park Zoo\n6 km']","[""RestaurantNaty's Pizza\n150 m"", 'RestaurantBarcocina West Town\n250 m', ""RestaurantDona Naty's Taco\n150 m""]","['TrainWestern Avenue 1.9 km', 'SubwayDivision 1.5 km', 'TrainClybourn 2.9 km', 'SubwayAshland 1.6 km']","[""Chicago O'Hare International Airport\n25 km"", 'Midway International Airport\n16 km']","False","[]","From 3:00 PM","Until 11:00 AM","False","['Free Wifi', 'Terrace', 'Laundry', 'Family rooms', 'Non-smoking rooms', 'Free parking']"
"Top Floor in the Heart of West Town! Perfect for Any Group and PET FRIENDLY! apts","Chicago","Chicago, 60642, United States After booking, all of the property’s details, including telephone and address, are provided in your booking confirmation and your account.","","['Chicago History Museum\n4.7 km', 'Art Institute of Chicago\n4.9 km', 'Millennium Park\n4.6 km', 'Navy Pier\n5 km', 'Lincoln Park Zoo\n5 km', 'Charnley-Persky House Museum\n4.6 km', 'Grant Park\n5 km', 'Field Museum of Natural History\n6 km', 'Cloud Gate – The Bean\n4.6 km', 'Buckingham Memorial Fountain\n5 km']","['RestaurantBellas Pizzeria\n150 m', 'RestaurantOpart Thai House\n200 m', ""RestaurantBartoli's Pizzeria\n150 m""]","['TrainWestern Avenue 2.4 km', 'SubwayChicago 1.1 km', 'TrainClybourn 2.6 km', 'SubwayDivision 1 km']","[""Chicago O'Hare International Airport\n25 km"", 'Midway International Airport\n16 km']","False","['English']","From 4:00 PM to 12:00 AM","From 12:00 AM to 10:00 AM","True","['Parking', 'Free Wifi', 'Non-smoking rooms']"
"Tagus Life Apartment","Lisbon","Avenida da Peregrinação N3, 5º B, Parque das Nacoes, 1990-378 Lisbon, Portugal Excellent location – rated 9.2/10!","9.1","['Praca da Figueira\n10 km', 'Rossio Square\n10 km', 'Calouste Gulbenkian Museum\n9 km', 'Commerce Square\n10 km', 'Torel Garden\n10 km', 'Fado Museum\n9 km', 'Lisbon Zoo\n9 km', ""St. George's Castle\n10 km"", 'Eduardo VII Park\n10 km', 'Lisbon Water Museum\n8 km']","['RestaurantMar - Mariscaria Peixaria\n50 m', 'RestaurantAbacalhoar\n50 m', 'RestaurantA Padaria Portuguesa\n350 m']","['TrainSacavém 2 km', 'TrainMoscavide Train Station 850 m', 'SubwayMoscavide Metro Station 1.5 km', 'BusSete Rios Bus Station 9 km', 'SubwayOriente Metro Station 2.1 km']","['Cascais Municipal Airport\n29 km', 'Humberto Delgado Airport\n3.6 km']","False","['French', 'Spanish', 'English', 'Portuguese']","From 2:00 PM to 8:00 PM","From 5:00 AM to 12:00 PM","False","['Free Wifi', 'Air conditioning', 'Heating', 'Designated smoking area', 'Elevator', 'Laundry', 'Family rooms', 'Non-smoking rooms', 'Free parking']"
"Meliá Lisboa Aeroporto","Lisbon","Rua C, Aeroporto Internacional de Lisboa, Olivais, 1700-008 Lisbon, Portugal Excellent location – rated 9.7/10!","9.0","['Calouste Gulbenkian Museum\n5 km', 'Lisbon Water Museum\n7 km', 'Vasco da Gama Bridge\n4.1 km', 'Commerce Square\n7 km', 'Eduardo VII Park\n6 km', ""St. George's Castle\n7 km"", 'Lisbon Zoo\n6 km', 'Torel Garden\n6 km', 'Rossio Square\n7 km']","['Cafe/BarSTARBUCKS\n400 m', 'RestaurantClocks-Humberto Delgado\n300 m', 'Cafe/BarStarbucks\n550 m']","['BusSete Rios Bus Station 6 km', 'SubwayEncarnacao Metro Station 1.4 km', 'TrainChelas Train Station 2.7 km', 'SubwayLisbon Airport Metro 400 m', 'TrainMoscavide Train Station 3 km']","['Humberto Delgado Airport\n250 m', 'Cascais Municipal Airport\n26 km']","False","['French', 'Spanish', 'English', 'Portuguese']","From 3:00 PM to 12:00 AM","Until 12:00 PM","False","['Tea/Coffee Maker in All Rooms', '2 swimming pools', 'Free Wifi', 'Bar', 'Excellent Breakfast', 'Airport shuttle (free)', 'Spa', 'Parking on site', 'Family rooms', 'Non-smoking rooms']"
"Cozy 1BR Apartment in Estrela | By Airnest","Lisbon","1200-601 Lisbon, Portugal After booking, all of the property’s details, including telephone and address, are provided in your booking confirmation and your account.","","['Adamastor\n1.1 km', 'Rossio Square\n2.1 km', ""St. George's Castle\n3 km"", 'Lisbon Oceanarium\n10 km', 'Sao Pedro de Alcantara Belvedere\n1.5 km', 'Santa Catarina Viewpoint\n1.1 km', 'Commerce Square\n2.2 km', 'Torel Garden\n1.9 km', 'Carmo Fountain\n1.9 km', 'Carmo Convent\n1.9 km']","['RestaurantÀ Caseta\n150 m', 'RestaurantOh Linda Perspective Lda\n200 m', 'RestaurantSenhor Uva\n250 m']","['TrainCalçada da Estrela/Rua Doutor Teófilo Braga 150 m', 'BusSete Rios Bus Station 4 km', 'SubwayRato Metro Station 900 m', 'SubwayEstrela 250 m', 'TrainCalçada da Estrela/Rua Borges Carneiro 150 m']","['Cascais Municipal Airport\n20 km', 'Humberto Delgado Airport\n6 km']","False","['Convento de Nossa Senhora de Jesus750 m', 'Lisbon Botanical Garden900 m', 'Palácio Palmela900 m', 'Academia Das Ciências900 m', 'Parque da Bela Vista750 m', 'Chafariz Da Esperança700 m', 'Palácio Almada-Carvalhais850 m', 'Convento das Trinas de Mocambo900 m', 'English', 'Portuguese', 'Chafariz do Rato950 m', 'Estrela Garden350 m']","From 3:00 PM to 12:00 AM","Until 11:00 AM","True","['Free Wifi']"
"EPIC SANA Lisboa Hotel","Lisbon","Av. Engenheiro Duarte Pacheco, 15, Santo Antonio, 1070-100 Lisbon, Portugal After booking, all of the property’s details, including telephone and address, are provided in your booking confirmation and your account.","9.3","['Rossio Square\n2.4 km', 'Torel Garden\n2 km', 'Sao Pedro de Alcantara Belvedere\n2 km', 'Estrela Garden\n1.5 km', 'Lisbon Oceanarium\n8 km', 'Calouste Gulbenkian Museum\n2 km', 'Commerce Square\n3.1 km', 'Lisbon Botanical Garden\n1.6 km', ""St. George's Castle\n3.6 km"", 'Santa Catarina Viewpoint\n2.2 km']","['RestaurantSó Peso\n150 m', 'RestaurantFlor de Lis\n0 m', 'RestaurantOutof\n100 m']","['SubwayRato Metro Station 800 m', 'TrainRua das Amoreiras 200 m', 'BusSete Rios Bus Station 2.5 km', 'SubwayMarques de Pombal Metro Station 700 m', 'TrainAvenida Conselheiro Fernando Sousa 200 m']","['Humberto Delgado Airport\n5 km', 'Cascais Municipal Airport\n19 km']","False","['French', 'Spanish', 'English', 'Portuguese']","From 3:00 PM","Until 12:00 PM","True","['Airport shuttle', 'Fitness center', '2 swimming pools', 'Free Wifi', 'Bar', 'Wonderful Breakfast', 'Spa', 'Parking on site', 'Family rooms', 'Non-smoking rooms']"
"Vincci Baixa","Lisbon","Rua Do Comercio, 32-38, Santa Maria Maior, 1100-150 Lisbon, Portugal Excellent location – rated 9.7/10!","8.7","['Rossio Square\n700 m', 'Lisbon Oceanarium\n7 km', 'Carmo Fountain\n700 m', 'Praca da Figueira\n550 m', ""St. George's Castle\n850 m"", 'Fado Museum\n850 m', 'Sao Pedro de Alcantara Belvedere\n1.4 km', 'Santa Catarina Viewpoint\n1.2 km', 'Carmo Convent\n700 m', 'Santa Justa Elevator\n600 m']","['RestaurantCr7 Corner\n20 m', 'Cafe/BarMuseu da Cerveja\n50 m', 'Cafe/BarPortologia Lisboa, la Maison des Porto\n50 m']","['SubwayBaixa/Chiado Metro – Baixa 600 m', 'TrainIgreja de Santa Maria Madalena 100 m', 'BusSete Rios Bus Station 4.9 km', 'SubwayTerreiro do Paço Metro Station 450 m', 'TrainPraça do Comércio 50 m']","['Humberto Delgado Airport\n7 km', 'Cascais Municipal Airport\n22 km']","False","['French', 'Spanish', 'English', 'Portuguese']","From 3:00 PM","Until 12:00 PM","False","['Airport shuttle', 'Tea/Coffee Maker in All Rooms', 'Free Wifi', 'Bar', 'Family rooms', 'Restaurant', 'Very Good Breakfast', 'Non-smoking rooms', 'Parking', '24-hour front desk']"
"Days Inn by Wyndham Flint/Bishop International Airport","Vienna","2325 Austins Pkwy, Flint, 48507, United States After booking, all of the property’s details, including telephone and address, are provided in your booking confirmation and your account.","3.8","[]","[""RestaurantArby's\n750 m"", 'RestaurantPopeyes Louisiana Kitchen\n800 m', 'RestaurantQdoba\n400 m']","['TrainFlint 10 km']","['Bishop International Airport\n6 km', 'Oakland County International\n50 km', 'MBS International Airport\n78 km']","False","[]","From 3:00 PM","Until 11:00 AM","True","['Facilities for disabled guests', 'Fitness center', 'Free Wifi', 'Breakfast', 'Non-smoking rooms', 'Indoor swimming pool', 'Free parking']"
"Hilton Garden Inn Flint Downtown","Vienna","110 W. Kearsley St., Flint, MI 48502, United States Excellent location – rated 9.3/10!","9.0","[]","['RestaurantBrown Sugar Cafe\n100 m', ""RestaurantHoffman's Deco Deli & Cafe\n100 m"", 'Cafe/BarLoft\n150 m']","['TrainFlint 4.6 km']","['Oakland County International\n51 km', 'MBS International Airport\n81 km', 'Bishop International Airport\n8 km']","False","['English']","From 3:00 PM","Until 11:00 AM","False","['Facilities for disabled guests', 'Fitness center', 'Tea/Coffee Maker in All Rooms', 'Free Wifi', 'Bar', 'Breakfast', 'Private Parking', 'Restaurant', 'Non-smoking rooms']"
"Charming Flushing Cottage with Deck and Spacious Yard!","Vienna","Flushing, 48433, United States Excellent location – rated 10/10!","10","[]","[""RestaurantJack's Place\n4.7 km"", ""RestaurantGina's Pizza\n3.8 km"", 'RestaurantLittle Caesars\n4.7 km']","[]","['Bishop International Airport\n19 km', 'Oakland County International\n68 km', 'MBS International Airport\n63 km']","False","[]","From 4:00 PM","Until 11:00 AM","False","['Parking on site', 'Free Wifi', 'Non-smoking rooms']"
"2 Mi to Downtown Flushing Spacious Retreat!","Vienna","Flint, 48433, United States After booking, all of the property’s details, including telephone and address, are provided in your booking confirmation and your account.","","[]","['RestaurantWing Garden\n20 m', ""RestaurantMilano's Pizza\n20 m"", ""RestaurantMcDonald's\n300 m""]","['TrainFlint 16 km']","['Bishop International Airport\n12 km', 'Oakland County International\n61 km', 'MBS International Airport\n73 km']","False","[]","From 3:00 PM","Until 11:00 AM","True","['Parking on site', 'Free Wifi', 'Non-smoking rooms']"
"Americinn by Wyndham Birch Run - Frankenmuth","Vienna","9087 East Birch Run Road, Birch Run, MI 48415, United States After booking, all of the property’s details, including telephone and address, are provided in your booking confirmation and your account.","7.0","[]","['RestaurantFireside Lounge\n150 m', 'RestaurantSUBWAY\n150 m', 'RestaurantPita Pit\n150 m']","[]","['MBS International Airport\n48 km', 'Oakland County International\n79 km', 'Bishop International Airport\n35 km']","False","['English']","From 3:00 PM","Until 11:00 AM","True","['Facilities for disabled guests', 'Fitness center', 'Free Wifi', 'Breakfast', 'Non-smoking rooms', 'Indoor swimming pool', 'Free parking']"
"InterContinental Budapest by IHG","Budapest","1052 Budapest, Apaczai Csere Janos utca 12-14., Hungary Excellent location – rated 9.8/10!","8.8","['Citadella\n2.1 km', 'Hungarian National Museum\n1.6 km', 'Liberty Bridge\n1.6 km', 'Blaha Lujza Square\n2 km', 'Margaret Island Japanese Garden\n4.7 km', ""Heroes' Square\n3.3 km"", 'Gellért Hill\n2.2 km', 'House of Terror\n1.9 km', 'Trinity Square\n1.5 km']","['Cafe/BarLas Vegas casino\n100 m', 'Cafe/BarIntercontinental - Corso bár\n40 m', 'RestaurantJohn Bull sport pub\n50 m']","['SubwayVigadó tér 250 m', 'SubwayVorosmarty Square Metro Station 350 m', 'TrainClark Ádám tér 800 m', 'TrainSzent György tér 1.3 km']","['Budapest Ferenc Liszt International Airport\n14 km']","False","[]","From 3:00 PM to 6:00 PM","From 6:00 AM to 12:00 PM","False","['Airport shuttle', 'Tea/Coffee Maker in All Rooms', 'Free Wifi', 'Bar', 'Private Parking', 'Wonderful Breakfast', 'Spa', 'Family rooms', 'Non-smoking rooms', 'Indoor swimming pool']"
"Apple Tree Apartment","Budapest","1077 Budapest, Almássy tér 17, Hungary Excellent location – rated 9.4/10!","","[]","[]","[]","[]","False","['Vecsés', 'Budapest', 'Érd']","From 3:00 PM to 10:00 PM","Until 10:00 AM","False","['Airport shuttle', 'Free Wifi', 'Heating', 'Elevator', 'Non-smoking rooms', 'Parking']"
"Hotel Vision Budapest by Continental Group","Budapest","1056 Budapest, 24 Belgrád rakpart, Hungary Excellent location – rated 9.8/10!","","['House of Terror\n2.4 km', 'Gellért Hill\n1.5 km', ""Fisherman's Bastion\n2.3 km"", 'Buda Castle\n1.6 km', 'Budapest History Museum\n1.6 km', 'Margaret Island Japanese Garden\n5 km', 'Chain Bridge\n1.4 km', 'Blaha Lujza Square\n1.7 km', 'Trinity Square\n2.4 km', ""Heroes' Square\n3.9 km""]","['RestaurantKolbász Box\n100 m', 'RestaurantTapas Fino\n20 m', 'Cafe/BarCapella café\n40 m']","['SubwayFerenciek Tere Metro Station 400 m', 'TrainSzent György tér 2 km', 'TrainClark Ádám tér 1.7 km', 'SubwayFővám Square Metro Station 600 m']","['Budapest Ferenc Liszt International Airport\n13 km']","False","[]","From 2:00 PM to 12:00 AM","From 12:00 AM to 12:00 PM","False","['Airport shuttle', 'Tea/Coffee Maker in All Rooms', 'Free Wifi', 'Bar', 'Excellent Breakfast', 'Family rooms', 'Restaurant', 'Non-smoking rooms', 'Free parking', '24-hour front desk']"
"Áurea Ana Palace by Eurostars Hotel Company","Budapest","1054 Budapest, 15 Akadémia utca 15-17, Hungary Excellent location – rated 9.6/10!","","['Margaret Island Japanese Garden\n3.9 km', 'Trinity Square\n1.8 km', 'Blaha Lujza Square\n2.4 km', 'Citadella\n2.7 km', ""Heroes' Square\n3.2 km"", 'Hungarian National Museum\n2.1 km', 'Gellért Hill\n2.8 km', ""Fisherman's Bastion\n1.7 km"", 'House of Terror\n1.9 km']","['RestaurantHanoi Pho Vietnámi étterem\n50 m', 'RestaurantKutka büfé\n50 m', 'RestaurantCafe Santo\n50 m']","['SubwayKossuth Lajos Square Metro Station 400 m', 'SubwayArany János utca 650 m', 'TrainBKK-FUTÁR 1.9 km', 'TrainBatthyány tér 1.9 km']","['Budapest Ferenc Liszt International Airport\n14 km']","False","[]","From 3:00 PM to 12:00 AM","Until 12:00 PM","False","['Airport shuttle', 'Fitness center', 'Tea/Coffee Maker in All Rooms', 'Free Wifi', 'Bar', 'Wonderful Breakfast', 'Spa', 'Family rooms', 'Restaurant', 'Non-smoking rooms']"
"Hotel Central Basilica","Budapest","1051 Budapest, Hercegprimás utca 8., Hungary Excellent location – rated 9.8/10!","","['Trinity Square\n2 km', 'Buda Castle\n1.9 km', 'Budapest History Museum\n1.8 km', ""Heroes' Square\n2.8 km"", 'Castle Garden Bazaar\n1.7 km', 'Blaha Lujza Square\n1.7 km', 'Hungarian National Museum\n1.4 km', ""Fisherman's Bastion\n1.9 km"", 'Gellért Hill\n2.5 km', 'Citadella\n2.4 km']","['Cafe/BarCafé Kafka\n10 m', 'Cafe/BarStarbucks\n8 m', 'RestaurantBusó bisztró\n0 m']","['SubwayBajcsy-Zsilinszky út 250 m', 'TrainClark Ádám tér 1.3 km', 'SubwayDeak Ferenc Square Metro Station 100 m', 'TrainSzent György tér 1.8 km']","['Budapest Ferenc Liszt International Airport\n14 km']","False","[]","From 2:00 PM","Until 11:00 AM","False","['Airport shuttle', 'Tea/Coffee Maker in All Rooms', 'Free Wifi', 'Heating', 'Daily housekeeping', 'Elevator', 'Family rooms', 'Non-smoking rooms', 'Good Breakfast', '24-hour front desk']"
"Nestled Romance, Buda's Hilltop Heaven","Amsterdam","1118 Budapest, Kelenhegyi út 31b, Hungary After booking, all of the property’s details, including telephone and address, are provided in your booking confirmation and your account.","8.7","['Museum of Applied Arts\n2.2 km', 'Buda Castle\n2.4 km', ""Heroes' Square\n5 km"", 'Margaret Island Japanese Garden\n7 km', 'Chain Bridge\n2.8 km', 'House of Terror\n4 km', 'Trinity Square\n3.3 km', 'Blaha Lujza Square\n3 km', 'Budapest History Museum\n2.3 km', ""Fisherman's Bastion\n3.2 km""]","['Cafe/BarBookline Webáruház\n550 m', 'Cafe/BarRex Williams Snooker & pub\n350 m', 'RestaurantPupicake\n600 m']","['TrainBoráros tér 2.3 km', 'SubwayMóricz Zsigmond körtér Metro Station 700 m', 'TrainClark Ádám tér 2.6 km', 'SubwaySzent Gellért Tér Metro Station 850 m']","['Budapest Ferenc Liszt International Airport\n16 km']","False","['English']","From 4:00 PM to 11:00 PM","Until 10:00 AM","True","['Garden', 'Heating', 'Free Wifi', 'Air conditioning']"
"Artist's quarter, Margit Apartment at the Danube","Amsterdam","1111 Budapest, Budafoki út 13, 5/3, Hungary Excellent location – rated 9.5/10!","9.2","['Trinity Square\n2.8 km', ""Heroes' Square\n4.9 km"", 'Museum of Applied Arts\n1.6 km', 'Budapest History Museum\n1.8 km', 'Buda Castle\n1.9 km', 'Blaha Lujza Square\n2.5 km', ""Fisherman's Bastion\n2.7 km"", 'House of Terror\n3.4 km', 'Margaret Island Japanese Garden\n6 km', 'Chain Bridge\n2.3 km']","['RestaurantSzeged Vendégló\n50 m', 'Cafe/BarSTARBUCKS\n30 m', 'RestaurantHummus bar\n100 m']","['SubwaySzent Gellért Tér Metro Station 100 m', 'TrainMüpa - Nemzeti Színház 2.8 km', 'TrainBoráros tér 1.7 km', 'SubwayFővám Square Metro Station 650 m']","['Budapest Ferenc Liszt International Airport\n14 km']","False","['Hungarian', 'English', 'German', 'Dutch', 'Russian']","From 3:00 PM","Until 10:00 AM","False","['Free Wifi', 'Air conditioning', 'Heating', 'Designated smoking area', 'Elevator', 'Non-smoking rooms']"
"Jewel In Buda Apartment","Amsterdam","1111 Budapest, 32 Bartók Béla út, Hungary Excellent location – rated 9.8/10!","9.6","['Blaha Lujza Square\n2.9 km', 'Trinity Square\n3.2 km', 'House of Terror\n3.9 km', ""Heroes' Square\n5 km"", 'Buda Castle\n2.3 km', 'Margaret Island Japanese Garden\n7 km', 'Museum of Applied Arts\n2.1 km', ""Fisherman's Bastion\n3.1 km"", 'Budapest History Museum\n2.3 km', 'Chain Bridge\n2.7 km']","['RestaurantOno Poké Bowl & bar\n40 m', 'RestaurantPho 74\n30 m', 'RestaurantBorpatika\n50 m']","['TrainMüpa - Nemzeti Színház 2.6 km', 'SubwayMóricz Zsigmond körtér Metro Station 450 m', 'TrainBoráros tér 1.7 km', 'SubwaySzent Gellért Tér Metro Station 600 m']","['Budapest Ferenc Liszt International Airport\n14 km']","False","['English', 'Hungarian', 'German']","From 4:00 PM to 9:00 PM","From 7:00 AM to 10:00 AM","False","['Airport shuttle', 'Facilities for disabled guests', 'Free Wifi', 'Air conditioning', 'Heating', 'Elevator', 'Baggage storage', 'Family rooms', 'Non-smoking rooms', 'Parking']"
"Spacious apartment in Budapest city centre with fireplace","Amsterdam","1111 Budapest, Bartok Bela ut 4, Hungary After booking, all of the property’s details, including telephone and address, are provided in your booking confirmation and your account.","","['Trinity Square\n2.8 km', ""Heroes' Square\n5 km"", 'Blaha Lujza Square\n2.4 km', 'Museum of Applied Arts\n1.7 km', 'Buda Castle\n1.9 km', ""Fisherman's Bastion\n2.7 km"", 'Margaret Island Japanese Garden\n6 km', 'Budapest History Museum\n1.9 km', 'House of Terror\n3.5 km', 'Chain Bridge\n2.3 km']","['RestaurantSzeged Vendégló\n50 m', 'Cafe/BarSTARBUCKS\n50 m', 'RestaurantHummus bar\n50 m']","['TrainMüpa - Nemzeti Színház 2.9 km', 'TrainBoráros tér 1.8 km', 'SubwaySzent Gellért Tér Metro Station 200 m', 'SubwayFővám Square Metro Station 700 m']","['Budapest Ferenc Liszt International Airport\n13 km']","False","['Castle Garden Bazaar1.7 km', 'Szabadság-híd450 m', 'Károlyi Garden1.5 km', 'Gellért Hill1.3 km', 'Arabic', 'Italian', 'Liberty Bridge450 m', 'French', 'German', 'English', 'Citadella1.2 km', 'Gellert Spa250 m', 'Ybl Budai Kreatív Ház1.5 km', 'Spanish', 'Hungarian National Museum1.2 km', 'Central Market700 m', 'Portuguese']","From 4:00 PM to 10:00 PM","From 7:00 AM to 10:00 AM","True","['Free Wifi']"
"Five Season's Apartment","Amsterdam","1111 Budapest, Bartók Béla út 4. 4/ 9., Hungary Excellent location – rated 9.5/10!","8.2","['Trinity Square\n2.8 km', ""Heroes' Square\n5 km"", 'Blaha Lujza Square\n2.4 km', 'Museum of Applied Arts\n1.7 km', 'Buda Castle\n1.9 km', ""Fisherman's Bastion\n2.7 km"", 'Margaret Island Japanese Garden\n6 km', 'Budapest History Museum\n1.9 km', 'House of Terror\n3.5 km', 'Chain Bridge\n2.3 km']","['Cafe/BarSTARBUCKS\n50 m', 'RestaurantHummus bar\n100 m', 'RestaurantGrill Mánia\n100 m']","['TrainMüpa - Nemzeti Színház 2.9 km', 'TrainBoráros tér 1.8 km', 'SubwaySzent Gellért Tér Metro Station 200 m', 'SubwayFővám Square Metro Station 700 m']","['Budapest Ferenc Liszt International Airport\n13 km']","False","['Castle Garden Bazaar1.7 km', 'Szabadság-híd450 m', 'Hungarian', 'Károlyi Garden1.5 km', 'Gellért Hill1.3 km', 'Liberty Bridge450 m', 'German', 'English', 'Citadella1.2 km', 'Gellert Spa250 m', 'Hungarian National Museum1.2 km', 'Central Market700 m', 'Ybl Budai Kreatív Ház1.6 km']","From 2:00 PM to 12:00 AM","From 1:00 AM to 11:00 AM","False","['Airport shuttle', 'Air conditioning', 'Terrace', 'Heating', 'Elevator', 'Fast free Wifi 176 Mbps)', 'Hot spring bath', 'Parking on site', 'Family rooms', 'Non-smoking rooms']"
"Amalia Hotel Athens","Athens","10, Amalias Ave, Athens, 105 57, Greece Excellent location – rated 9.7/10!","8.9","['Parthenon\n1.5 km', 'Museum of Cycladic Art\n850 m', 'Temple of Hephaestus\n1.2 km', 'Odeum of Herodes Atticus\n1.3 km', 'Roman Agora\n750 m', 'Acropolis Museum\n850 m', 'Temple of Olympion Zeus\n600 m', 'Ancient Agora of Athens\n1.4 km', 'Erechtheion\n950 m', 'Monastiraki Square\n900 m']","['Cafe/BarCOFFEE ISLAND\n50 m', 'RestaurantKamaronia\n100 m', 'Cafe/BarOdin Athens\n200 m']","['BusAthens International Bus Station 4.8 km', 'TrainTeleferik 1.3 km', 'SubwaySyntagma Metro Station 150 m', 'SubwayPanepistimio Metro Station 750 m', 'TrainMonastiraki Train Station 950 m']","['Eleftherios Venizelos Airport\n26 km']","False","['Italian', 'French', 'English', 'German', 'Spanish', 'Greek']","From 3:00 PM to 12:00 AM","From 3:00 AM to 11:00 AM","False","['Fitness center', 'Tea/Coffee Maker in All Rooms', '2 restaurants', 'Free Wifi', 'Bar', 'Excellent Breakfast', 'Room service', 'Family rooms', 'Non-smoking rooms', '24-hour front desk']"
"The Social Athens Hotel, a member of Radisson Individuals","Athens","Voukourestiou 30, Athens, 10671, Greece Excellent location – rated 9.8/10!","9.3","['Temple of Olympion Zeus\n1.2 km', 'Ancient Agora of Athens\n1.7 km', 'Roman Agora\n1.2 km', 'Erechtheion\n1.5 km', 'Museum of Cycladic Art\n600 m', 'Parthenon\n2 km', 'Zappion - National Garden\n550 m', 'Omonia Square\n1.3 km', 'Monastiraki Square\n1.2 km']","['Cafe/BarTaresso Artisan Coffee Roasters\n150 m', 'RestaurantTo Tsai\n100 m', 'Cafe/BarCoffee Love\n100 m']","['TrainMonastiraki Train Station 1.3 km', 'SubwayPanepistimio Metro Station 600 m', 'BusAthens International Bus Station 4.8 km', 'SubwaySyntagma Metro Station 400 m', 'TrainTeleferik 700 m']","['Eleftherios Venizelos Airport\n26 km']","False","['Italian', 'Arabic', 'French', 'English', 'German', 'Spanish', 'Greek']","From 3:00 PM","Until 11:00 AM","False","['Airport shuttle', 'Fitness center', 'Tea/Coffee Maker in All Rooms', 'Free Wifi', 'Bar', 'Room service', 'Exceptional Breakfast', 'Restaurant', 'Non-smoking rooms', '24-hour front desk']"
"Enattica Suites","Athens","Klitiou 5, Athens, 10560, Greece Excellent location – rated 9.7/10!","","['Parthenon\n1.5 km', 'Ancient Agora of Athens\n900 m', 'Omonia Square\n950 m', 'Syntagma Square\n550 m', 'Roman Agora\n500 m', 'Zappion - National Garden\n700 m', 'Ancient Agora\n950 m', 'Erechtheion\n750 m', 'Temple of Hephaestus\n700 m', 'Acropolis\n1.1 km']","['Cafe/BarBaba au Rum\n7 m', 'Cafe/BarTyco\n50 m', 'Cafe/BarSentro Otso\n10 m']","['TrainThiseio Metro Station 1 km', 'SubwayPanepistimio Metro Station 650 m', 'BusAthens International Bus Station 4.1 km', 'TrainMonastiraki Train Station 500 m', 'SubwayMonastiraki Metro Station 500 m']","['Eleftherios Venizelos Airport\n27 km']","False","[]","From 3:00 PM","Until 11:00 AM","False","['Tea/Coffee Maker in All Rooms', 'Free Wifi', 'Air conditioning', 'Heating', 'Daily housekeeping', 'Elevator', 'Family rooms', 'Non-smoking rooms', '24-hour front desk']"
"Ciel Living Athens","Athens","Mnisikleous 2, Athens, 10556, Greece Excellent location – rated 9.7/10!","","['Erechtheion\n450 m', 'Syntagma Square\n550 m', 'Zappion - National Garden\n600 m', 'Parthenon\n1.1 km', 'Ancient Agora of Athens\n500 m', 'Ancient Agora\n750 m', 'Temple of Hephaestus\n450 m', 'Acropolis\n800 m', 'Odeum of Herodes Atticus\n950 m']","['RestaurantVintage Wine Bar & Bistrot\n10 m', 'Cafe/BarThe Loft\n30 m', 'Cafe/BarCity Zen\n100 m']","['SubwayMonastiraki Metro Station 300 m', 'SubwaySyntagma Metro Station 700 m', 'TrainMonastiraki Train Station 300 m', 'TrainThiseio Metro Station 700 m', 'BusAthens International Bus Station 4.1 km']","['Eleftherios Venizelos Airport\n28 km']","False","[]","From 3:00 PM to 11:00 PM","From 9:00 AM to 11:00 AM","False","['Airport shuttle', 'Free Wifi', 'Bar', 'Terrace', 'Heating', 'Elevator', 'Room service', 'Family rooms', 'Restaurant', 'Non-smoking rooms']"
"Cityzoe Athens Suites","Athens","Lisikratous 8, Athens, 10558, Greece Excellent location – rated 9.9/10!","","['Odeum of Herodes Atticus\n800 m', 'Syntagma Square\n800 m', 'Acropolis\n750 m', 'Erechtheion\n550 m', 'Monastiraki Square\n850 m', 'Roman Agora\n550 m', 'Temple of Hephaestus\n1 km', 'Zappion - National Garden\n750 m', 'Parthenon\n600 m', 'Ancient Agora of Athens\n1.2 km']","[""RestaurantDaphne's\n20 m"", 'RestaurantDiogenis\n50 m', 'Cafe/BarFine Wine\n8 m']","['SubwayAkropolis Metro Station 250 m', 'SubwaySyntagma Metro Station 800 m', 'TrainThiseio Metro Station 1.3 km', 'TrainMonastiraki Train Station 850 m', 'BusAthens International Bus Station 4.7 km']","['Eleftherios Venizelos Airport\n28 km']","False","[]","From 3:00 PM to 12:00 AM","From 8:00 AM to 11:00 AM","False","['Free Wifi', 'Air conditioning', 'Terrace', 'Heating', 'Room service', 'Garden', 'Non-smoking rooms']"
"Evaggelismos m station studio for 3 pers by MPS","Athens","38 Ελλανίκου, Athens, 11635, Greece After booking, all of the property’s details, including telephone and address, are provided in your booking confirmation and your account.","7.6","['Acropolis Museum\n1.9 km', 'Odeum of Herodes Atticus\n2.4 km', 'Syntagma Square\n1.5 km', 'Roman Agora\n2.1 km', 'Monastiraki Square\n2.3 km', 'Temple of Olympion Zeus\n1.6 km', 'Parthenon\n2.6 km', 'Erechtheion\n2.2 km', 'Zappion - National Garden\n1.5 km', 'Ancient Agora of Athens\n2.6 km']","['Cafe/BarSmall8\n150 m', 'Cafe/BarAkrovatis Bar\n100 m', 'RestaurantPiggy-popoulo\n100 m']","['TrainTeleferik 1.1 km', 'TrainMonastiraki Train Station 2.3 km', 'SubwayMegaro Mousikis Metro Station 1.1 km', 'BusAthens International Bus Station 6 km', 'SubwayEvangelismos Metro Station 600 m']","['Eleftherios Venizelos Airport\n25 km']","False","['English', 'Greek']","From 3:00 PM","Until 10:00 AM","True","['Free Wifi', 'Air conditioning', 'Terrace', 'Heating', 'Elevator']"
"Cozy apartment at King George str Pagkrati","Athens","42 Βασιλέως Γεωργίου B, Athens, 11634, Greece Excellent location – rated 9.4/10!","9.1","['Erechtheion\n2.3 km', 'Odeum of Herodes Atticus\n2.5 km', 'Parthenon\n2.7 km', 'Acropolis Museum\n2 km', 'Syntagma Square\n1.5 km', 'Temple of Olympion Zeus\n1.7 km', 'Monastiraki Square\n2.4 km', 'Roman Agora\n2.2 km', 'Zappion - National Garden\n1.5 km', 'Ancient Agora of Athens\n2.7 km']","['Cafe/BarSmall8\n300 m', 'RestaurantPiggy-popoulo\n250 m', 'Cafe/BarAkrovatis Bar\n250 m']","['TrainMonastiraki Train Station 2.4 km', 'TrainTeleferik 1.1 km', 'BusAthens International Bus Station 6 km', 'SubwayEvangelismos Metro Station 600 m', 'SubwayMegaro Mousikis Metro Station 1 km']","['Eleftherios Venizelos Airport\n25 km']","False","['English', 'Greek']","From 3:00 PM to 10:00 PM","From 8:00 AM to 12:00 PM","False","['Airport shuttle', 'Free Wifi', 'Air conditioning', 'Terrace', 'Heating', 'Elevator', 'Family rooms', 'Non-smoking rooms']"
"Urbanised Pangrati 2 bedroom Luxury","Athens","Archelaou 13 6th Floor, Athens, 116 35, Greece Excellent location – rated 10/10!","8.0","['Acropolis Museum\n1.9 km', 'Museum of Cycladic Art\n900 m', 'Roman Agora\n2 km', 'Syntagma Square\n1.5 km', 'Zappion - National Garden\n1.4 km', 'Erechtheion\n2.1 km', 'Odeum of Herodes Atticus\n2.3 km', 'Temple of Olympion Zeus\n1.6 km', 'Monastiraki Square\n2.2 km', 'Parthenon\n2.6 km']","['Cafe/BarSmall8\n50 m', 'RestaurantPiggy-popoulo\n5 m', 'Cafe/BarAkrovatis Bar\n50 m']","['SubwaySyntagma Metro Station 1.4 km', 'SubwayEvangelismos Metro Station 700 m', 'TrainMonastiraki Train Station 2.3 km', 'BusAthens International Bus Station 6 km', 'TrainTeleferik 1.2 km']","['Eleftherios Venizelos Airport\n26 km']","False","['Πλατεία Μεσολογγίου350 m', 'Αγαλμα Τρουμαν300 m', 'Καλλιμαρμαρο Παναθηναϊκο Σταδιο700 m', 'War Museum750 m', 'French', 'English', 'Σαρογλειο Μεγαρο650 m', 'Byzantine Museum700 m', 'Greek', 'Αρχ. Χωροσ Λυκειου Αριστοτελη600 m', 'Πλατεία Αγίου Σπυρίδωνος350 m', 'Πλατεία Πλαστήρα500 m', 'Λυκειο Αριστοτελουσ750 m']","From 3:00 PM to 12:00 AM","From 8:00 AM to 11:00 AM","False","['Free Wifi', 'Air conditioning', 'Terrace', 'Heating', 'Elevator', 'Non-smoking rooms', 'Free parking']"
"Sophisticated Modern Apt in Athens center","Athens","15 Archelaou, Athens, 11635, Greece Excellent location – rated 9.7/10!","9.2","['Acropolis Museum\n1.8 km', 'Museum of Cycladic Art\n850 m', 'Roman Agora\n2 km', 'Syntagma Square\n1.4 km', 'Zappion - National Garden\n1.4 km', 'Erechtheion\n2.1 km', 'Odeum of Herodes Atticus\n2.3 km', 'Temple of Olympion Zeus\n1.6 km', 'Monastiraki Square\n2.2 km', 'Parthenon\n2.6 km']","['Cafe/BarAkrovatis Bar\n40 m', 'Cafe/BarSmall8\n50 m', 'RestaurantPiggy-popoulo\n10 m']","['SubwaySyntagma Metro Station 1.4 km', 'SubwayEvangelismos Metro Station 700 m', 'TrainMonastiraki Train Station 2.3 km', 'BusAthens International Bus Station 6 km', 'TrainTeleferik 1.2 km']","['Eleftherios Venizelos Airport\n26 km']","False","['Πλατεία Μεσολογγίου350 m', 'Αγαλμα Τρουμαν300 m', 'Καλλιμαρμαρο Παναθηναϊκο Σταδιο700 m', 'Αρχ. Χωροσ Λυκειου Αριστοτελη550 m', 'English', 'War Museum700 m', 'Σαρογλειο Μεγαρο650 m', 'Byzantine Museum700 m', 'Greek', 'Πλατεία Αγίου Σπυρίδωνος350 m', 'Πλατεία Πλαστήρα500 m', 'Λυκειο Αριστοτελουσ750 m']","From 3:00 PM to 12:00 AM","From 7:00 AM to 11:00 AM","False","['Airport shuttle', 'Free Wifi', 'Air conditioning', 'Heating', 'Non-smoking rooms']"
"TONI'S makes you an offer, you cannot refuse.","Athens","Chironos 6, Athens, 116 35, Greece Excellent location – rated 9.8/10!","9.8","['Acropolis Museum\n1.8 km', 'Roman Agora\n2 km', 'Syntagma Square\n1.4 km', 'Zappion - National Garden\n1.4 km', 'Erechtheion\n2.1 km', 'Odeum of Herodes Atticus\n2.3 km', 'Parthenon\n2.5 km', 'Monastiraki Square\n2.2 km', 'Temple of Olympion Zeus\n1.5 km', 'Ancient Agora of Athens\n2.7 km']","['RestaurantTo Mavro Provato\n150 m', 'RestaurantPiggy-popoulo\n100 m', 'Cafe/BarAkrovatis Bar\n50 m']","['TrainTeleferik 1 km', 'SubwayMegaro Mousikis Metro Station 1.1 km', 'TrainMonastiraki Train Station 2.3 km', 'BusAthens International Bus Station 6 km', 'SubwayEvangelismos Metro Station 600 m']","['Eleftherios Venizelos Airport\n26 km']","False","['Byzantine Museum600 m', 'Αγαλμα Τρουμαν300 m', 'Πλατεία Αγίου Σπυρίδωνος400 m', 'Museum of Cycladic Art850 m', 'Αρχ. Χωροσ Λυκειου Αριστοτελη550 m', 'Πλατεία Μεσολογγίου450 m', 'Πλατεία Πλαστήρα600 m', 'War Museum600 m', 'Σαρογλειο Μεγαρο650 m', 'English', 'Greek', 'Λυκειο Αριστοτελουσ750 m']","From 3:00 PM to 11:00 PM","From 12:00 AM to 11:00 AM","False","['Free Wifi', 'Air conditioning', 'Heating', 'Elevator', 'Non-smoking rooms']"
"The Cumberland, London","London","1 Great Cumberland Place, Westminster Borough, London, W1H 7DL, United Kingdom Excellent location – rated 9.5/10!","8.0","['British Museum\n2.5 km', ""St James's Park\n2.3 km"", 'Churchill War Rooms\n3 km', 'Natural History Museum London\n2.9 km', 'Buckingham Palace\n2.1 km', 'Trafalgar Square\n2.8 km', 'Victoria and Albert Museum\n2.8 km', 'London Zoo\n3.1 km', ""Regent's Park\n2.2 km"", 'Piccadilly Circus\n2.1 km']","['RestaurantPrezzo\n10 m', 'RestaurantThe Brasserie at the Cumberland\n40 m', 'Cafe/BarBlank Street Coffee\n50 m']","['SubwayMarble Arch Tube Station 50 m', 'TrainLondon Marylebone 1.4 km', 'BusVictoria Coach Station 2.8 km', 'TrainPaddington Station 1.5 km', 'BusSmith Close 9 km', 'SubwayBond Street Tube Station 750 m']","['London Heathrow Airport\n22 km', 'London Gatwick Airport\n47 km', 'London City Airport\n16 km']","False","['Portuguese', 'Arabic', 'Ukrainian', 'Spanish', 'Italian', 'Romanian', 'Dutch', 'Russian', 'French', 'Lithuanian', 'English', 'Greek', 'Polish', 'Punjabi', 'Croatian', 'German']","From 3:00 PM","Until 11:00 AM","False","['Non-smoking rooms', 'Family rooms', 'Fitness center', 'Room service', 'Tea/Coffee Maker in All Rooms', 'Good Breakfast', '2 restaurants', 'Bar', 'Facilities for disabled guests', 'Free Wifi']"
"London Hilton on Park Lane","London","22 Park Lane, Westminster Borough, London, W1K 1BE, United Kingdom Excellent location – rated 9.2/10!","8.0","[""Madame Tussaud's\n2.3 km"", 'Victoria and Albert Museum\n2.5 km', 'Big Ben\n2.3 km', 'Churchill War Rooms\n1.8 km', 'Somerset House\n2.7 km', 'British Museum\n2.7 km', 'Trafalgar Square\n2 km', 'Natural History Museum London\n2.8 km', 'Banqueting House\n2 km']","['Cafe/BarRed Room\n100 m', 'Restaurant24 Mayfair\n50 m', 'RestaurantBaroque\n100 m']","['BusSmith Close 8 km', 'SubwayGreen Park 650 m', 'SubwayHyde Park Corner Tube Station 550 m', 'TrainVictoria Train Station 1.8 km', 'TrainCharing Cross Station 2.2 km', 'BusVictoria Coach Station 2 km']","['London Heathrow Airport\n21 km', 'London Gatwick Airport\n46 km', 'London City Airport\n15 km']","False","['Japanese', 'Arabic', 'Spanish', 'Italian', 'French', 'English', 'German']","From 3:00 PM to 12:00 AM","From 7:00 AM to 12:00 PM","False","['Private Parking', 'Restaurant', 'Non-smoking rooms', 'Wifi in all areas', 'Family rooms', 'Fitness center', 'Room service', 'Very Good Breakfast', 'Bar', 'Facilities for disabled guests']"
"The Marble Arch Hotel, by Thistle","London","Bryanston Street, Marble Arch, Westminster Borough, London, W1H 7EH, United Kingdom Excellent location – rated 9.3/10!","7.6","['London Zoo\n2.9 km', 'British Museum\n2.4 km', 'Buckingham Palace\n2.2 km', ""St James's Park\n2.2 km"", 'Churchill War Rooms\n2.9 km', 'Piccadilly Circus\n1.9 km', 'Victoria and Albert Museum\n2.9 km', ""Regent's Park\n2 km"", 'Trafalgar Square\n2.6 km', 'Banqueting House\n2.9 km']","['RestaurantTexture\n30 m', 'RestaurantAmba Hotel Marble Arch\n50 m', 'RestaurantGlenn Miller Bar\n50 m']","['BusVictoria Coach Station 3 km', 'SubwayMarble Arch Tube Station 300 m', 'TrainLondon Marylebone 1.4 km', 'BusSmith Close 9 km', 'SubwayBond Street Tube Station 600 m', 'TrainPaddington Station 1.7 km']","['London Heathrow Airport\n22 km', 'London Gatwick Airport\n47 km', 'London City Airport\n16 km']","False","[]","From 3:00 PM","Until 11:00 AM","False","['Elevator', 'Non-smoking rooms', 'Family rooms', 'Fitness center', 'Room service', 'Tea/Coffee Maker in All Rooms', 'Good Breakfast', '2 restaurants', '24-hour front desk', 'Free Wifi']"
"1 Hotel Mayfair","London","3 Berkeley Street, Westminster Borough, London, W1J 8NE, United Kingdom Excellent location – rated 9.8/10!","","['Victoria and Albert Museum\n3 km', 'Churchill War Rooms\n1.4 km', 'Somerset House\n2 km', ""Regent's Park\n2.8 km"", 'Natural History Museum London\n3.4 km', ""Madame Tussaud's\n2.4 km"", 'British Museum\n2 km', 'Big Ben\n1.9 km', 'Banqueting House\n1.6 km', 'Trafalgar Square\n1.4 km']","['RestaurantKinta Loma\n10 m', 'RestaurantNovikov\n100 m']","['BusSmith Close 8 km', 'BusVictoria Coach Station 2.1 km', 'TrainVictoria Train Station 1.7 km', 'SubwayPiccadilly Circus Tube Station 650 m', 'SubwayGreen Park 100 m', 'TrainCharing Cross Station 1.5 km']","['London Heathrow Airport\n21 km', 'London City Airport\n14 km', 'London Gatwick Airport\n46 km']","False","[]","From 3:00 PM to 12:00 AM","Until 12:00 PM","False","['Restaurant', 'Non-smoking rooms', 'Spa', 'Family rooms', 'Fitness center', 'Tea/Coffee Maker in All Rooms', 'Parking', 'Excellent Breakfast', 'Bar', 'Free Wifi']"
"Radisson Blu Hotel, London Bloomsbury","London","9-13 Bloomsbury Street, Nr Covent Garden, Camden, London, WC1B 3QD, United Kingdom Excellent location – rated 9.2/10!","","['Buckingham Palace\n2.5 km', 'Trafalgar Square\n1.2 km', 'Somerset House\n1.1 km', 'Big Ben\n2.1 km', ""Madame Tussaud's\n2.6 km"", 'Piccadilly Circus\n1.1 km', ""Regent's Park\n2.4 km"", 'Banqueting House\n1.6 km', ""St James's Park\n2 km"", 'Churchill War Rooms\n2 km']","['RestaurantThe Museum Food Hall Limited\n30 m', 'RestaurantSteak and Lobster\n30 m', 'RestaurantTas Restaurant\n30 m']","['BusVictoria Coach Station 3.8 km', 'SubwayHolborn Tube Station 600 m', 'TrainEuston Train Station 1.5 km', 'SubwayTottenham Court Road Tube Station 400 m', ""BusSt Dunstan's Church (Stop X) 6 km"", 'TrainCharing Cross Station 1.2 km']","['London Gatwick Airport\n47 km', 'London Heathrow Airport\n24 km', 'London City Airport\n13 km']","False","[]","From 3:00 PM","Until 12:00 PM","False","['Restaurant', 'Non-smoking rooms', 'Family rooms', 'Fitness center', 'Room service', 'Tea/Coffee Maker in All Rooms', 'Good Breakfast', 'Bar', 'Facilities for disabled guests', 'Free Wifi']"
"Central Luxe Stay - 4 mins to Aldgate East Station","Barcelona","Herbert House, Old Castle Street 40, London, E1 7TW, United Kingdom After booking, all of the property’s details, including telephone and address, are provided in your booking confirmation and your account.","","['London Bridge\n1.7 km', 'Somerset House\n3.7 km', 'Victoria Park\n4 km', 'Churchill War Rooms\n5 km', 'HMS Belfast\n2.3 km', 'British Museum\n4.2 km', 'Trafalgar Square\n4.4 km', 'Banqueting House\n4.5 km', 'Piccadilly Circus\n4.9 km', 'Big Ben\n4.7 km']","['Cafe/BarCosta Coffee\n150 m', 'RestaurantI Falafel\n150 m', 'RestaurantHungry Donkey Greek Kitchen\n50 m']","['BusStepney Green School (Stop M) 2.6 km', ""BusSt Dunstan's Church (Stop X) 2.4 km"", 'TrainFenchurch Street Train Station 800 m', 'SubwayAldgate East Tube Station 300 m', 'TrainLondon Liverpool Street 850 m', 'SubwayAldgate Tube Station 500 m']","['London Heathrow Airport\n27 km', 'London City Airport\n9 km', 'London Gatwick Airport\n47 km']","False","[]","From 3:00 PM to 11:00 PM","From 8:00 AM to 11:00 AM","True","['Family rooms', 'Free Wifi', 'Heating', 'Elevator']"
"2BR/2Bath Luxury Modern Flat in the City London","Barcelona","33 Commercial Street Flat 1, Tower Hamlets, London, E1 6DH, United Kingdom After booking, all of the property’s details, including telephone and address, are provided in your booking confirmation and your account.","","['London Bridge\n1.7 km', 'HMS Belfast\n2.4 km', 'Victoria Park\n4 km', 'Churchill War Rooms\n5 km', 'British Museum\n4.2 km', 'Trafalgar Square\n4.4 km', 'Banqueting House\n4.5 km', 'Piccadilly Circus\n4.9 km', 'Somerset House\n3.8 km', 'Big Ben\n4.8 km']","['RestaurantUnity Diner\n100 m', 'RestaurantThe Culpeper\n50 m', 'RestaurantYuu Kitchen\n7 m']","['SubwayAldgate Tube Station 550 m', ""BusSt Dunstan's Church (Stop X) 2.3 km"", 'TrainLondon Liverpool Street 900 m', 'TrainTower Gateway 850 m', 'BusStepney Green School (Stop M) 2.5 km', 'SubwayAldgate East Tube Station 200 m']","['London Heathrow Airport\n27 km', 'London City Airport\n9 km', 'London Gatwick Airport\n47 km']","False","[]","From 2:00 PM to 12:00 AM","From 1:00 AM to 11:00 AM","True","['Elevator', 'Non-smoking rooms', '24-hour front desk', 'Free Wifi', 'Heating']"
"Safran House","Barcelona","66 Middlesex Street Flat 66 A, London, E1 7EZ, United Kingdom Excellent location – rated 9.5/10!","","[]","[]","[]","[]","False","[]","From 1:00 PM to 9:00 PM","From 6:00 AM to 11:00 AM","False","['Laundry', 'Free Wifi', 'Heating']"
"STUDIO IN THE HEART OF THE CITY - ALDGATE ZONE 1","Barcelona","Aldgate High Street Flat 6 Statue House, City of London, London, EC3N 1AL, United Kingdom Excellent location – rated 9.3/10!","","['HMS Belfast\n2 km', 'Somerset House\n3.4 km', 'British Museum\n3.9 km', 'Tower Bridge\n1.4 km', 'Victoria Park\n4.1 km', 'Piccadilly Circus\n4.6 km', 'Trafalgar Square\n4.1 km', 'Banqueting House\n4.2 km', 'Big Ben\n4.4 km', 'Churchill War Rooms\n4.6 km']","['RestaurantSuchef\n100 m', 'RestaurantRoyal Kitchen\n6 m', 'RestaurantSatyrio\n7 m']","['BusStepney Methodist Church (Stop LL) 2.3 km', 'TrainTower Gateway 500 m', 'SubwayAldgate East Tube Station 250 m', ""BusSt Dunstan's Church (Stop X) 2.4 km"", 'TrainFenchurch Street Train Station 450 m', 'SubwayAldgate Tube Station 150 m']","['London Heathrow Airport\n27 km', 'London City Airport\n9 km', 'London Gatwick Airport\n47 km']","False","['Tower of London950 m', 'St Dunstan-in-the-East900 m', 'London Bridge1.3 km', 'Altab Ali Park450 m', 'Heron Tower700 m', 'Monument to the Great Fire of London1 km', 'Middle Tower850 m', 'The Gherkin500 m', 'Sky Garden750 m', 'Finsbury Circus Gardens1.1 km']","From 3:00 PM to 10:00 PM","From 8:00 AM to 10:00 AM","False","['Elevator', 'Non-smoking rooms', 'Family rooms', 'Airport shuttle', 'Free Wifi', 'Heating']"
"Charming Two-Bedroom Apartment in the Heart of the City of London","Barcelona","39 Goulston St, London, E1 7TS, United Kingdom After booking, all of the property’s details, including telephone and address, are provided in your booking confirmation and your account.","","['London Bridge\n1.7 km', 'Big Ben\n4.6 km', 'Banqueting House\n4.4 km', 'Churchill War Rooms\n4.8 km', 'Victoria Park\n4.1 km', 'Trafalgar Square\n4.3 km', 'HMS Belfast\n2.3 km', 'British Museum\n4.1 km', 'Piccadilly Circus\n4.8 km', 'Somerset House\n3.6 km']","['RestaurantEye Falafel\n50 m', 'RestaurantThe Hungry Tummy\n50 m', 'RestaurantHappy Days\n1 m']","['BusStepney Green School (Stop M) 2.6 km', 'TrainLondon Liverpool Street 700 m', 'TrainFenchurch Street Train Station 750 m', ""BusSt Dunstan's Church (Stop X) 2.5 km"", 'SubwayAldgate Tube Station 450 m', 'SubwayAldgate East Tube Station 400 m']","['London Heathrow Airport\n27 km', 'London City Airport\n9 km', 'London Gatwick Airport\n47 km']","False","[]","From 3:00 PM to 10:00 PM","From 8:00 AM to 11:00 AM","True","['Free Wifi', 'Non-smoking rooms']"
"Sofitel Frankfurt Opera","Frankfurt","Opernplatz 16, 60313 Frankfurt, Germany Excellent location – rated 9.6/10!","","['Palmengarten\n1.7 km', 'Eiserner Steg\n1.3 km', 'Senckenberg Natural History Museum\n1.9 km', 'Städel Museum\n1.8 km', 'German Leather Museum Offenbach\n7 km', 'German Film Museum\n1.5 km', 'Museumsufer\n1.9 km', 'Römerberg\n1.1 km', 'Archeologic Museum\n1.1 km', 'Europaturm\n3.3 km']","['RestaurantMiller & Carter Steakhouse\n50 m', 'RestaurantPizza Pasta Scialpi\n100 m', 'Cafe/BarPearly Gates\n50 m']","['SubwayAlte Oper 250 m', 'TrainTaunusanlage 500 m', 'SubwayEschenheimer Tor 500 m', 'TrainHauptwache 500 m']","['Frankfurt Airport\n11 km']","False","[]","From 3:00 PM","Until 12:00 PM","False","['Spa', 'Non-smoking rooms', 'Family rooms', 'Indoor swimming pool', 'Tea/Coffee Maker in All Rooms', 'Good Breakfast', 'Airport shuttle', 'Bar', 'Parking on site', 'Free Wifi']"
"Mercure Hotel Kaiserhof City Center","Frankfurt","Kaiserstrasse 62, Bahnhofsviertel, 60329 Frankfurt, Germany After booking, all of the property’s details, including telephone and address, are provided in your booking confirmation and your account.","","['Stadel Art Museum\n1 km', 'Römerberg\n1.2 km', 'Senckenberg Natural History Museum\n1.8 km', 'German Film Museum\n1.1 km', 'German Leather Museum Offenbach\n7 km', 'Palmengarten\n2 km', 'Museumsufer\n1.9 km', 'Europaturm\n3.9 km', 'Hauptwache\n1 km', 'Eiserner Steg\n1.2 km']","[""RestaurantKakadu's\n6 m"", 'RestaurantFeinkost Paradies\n20 m', 'RestaurantYan Jing\n5 m']","['TrainHauptbahnhof 250 m', 'TrainFrankfurt Central Station 250 m', 'SubwayWilly-Brandt-Platz 600 m', 'SubwayHauptbahnhof (U-Bahn) 300 m']","['Frankfurt Airport\n10 km']","False","[]","From 3:00 PM","Until 12:00 PM","True","['Elevator', 'Private Parking', 'Non-smoking rooms', 'Fitness center', 'Laundry', 'Tea/Coffee Maker in All Rooms', 'Excellent Breakfast', 'Bar', '24-hour front desk', 'Free Wifi']"
"Hyatt Place Frankfurt Airport","Frankfurt","De-Saint-Exupéry-Strasse 4, 60549 Frankfurt, Germany Excellent location – rated 9/10!","","['Palmengarten\n11 km', 'Hauptwache\n12 km', 'Römerberg\n12 km', 'Goethe House\n10 km', 'Städel Museum\n9 km', 'Senckenberg Natural History Museum\n10 km', 'German Film Museum\n9 km', 'Museumsufer\n11 km', 'Eiserner Steg\n11 km']","['RestaurantYazzo\n50 m', ""RestaurantLindbergh's Café\n200 m"", 'RestaurantZoom Restaurant - Glocal Dining\n4 m']","['SubwayGüterplatz 9 km', 'TrainTerminal 2 — Concourses D, E 1.7 km', 'TrainTerminal 1 C 1.7 km', 'SubwayHauptbahnhof (U-Bahn) 9 km']","['Frankfurt Airport\n350 m']","False","[]","From 3:00 PM","Until 12:00 PM","False","['Private Parking', 'Restaurant', 'Non-smoking rooms', 'Family rooms', 'Fitness center', 'Tea/Coffee Maker in All Rooms', 'Excellent Breakfast', '24-hour front desk', 'Facilities for disabled guests', 'Free Wifi']"
"Motel One Frankfurt-Römer","Frankfurt","Berliner Strasse 55, Frankfurt City Center (Old Town), 60311 Frankfurt, Germany Excellent location – rated 9.5/10!","","['Senckenberg Natural History Museum\n2.6 km', 'Palmengarten\n2.4 km', 'Museumsufer\n1 km', 'Europaturm\n4.2 km', 'German Leather Museum Offenbach\n6 km', 'Eiserner Steg\n450 m', 'German Film Museum\n800 m', 'Main Tower\n800 m', 'Städel Museum\n1.2 km', 'Cathedral Museum\n450 m']","['RestaurantChina Garten\n50 m', 'RestaurantCresco Frankfurt\n50 m', 'RestaurantIsoletta Pmp\n50 m']","['SubwayDom/Römer 300 m', 'SubwayWilly-Brandt-Platz 350 m', 'TrainHauptwache 550 m', 'TrainFrankfurt (Main) Eiserner Steg 400 m']","['Frankfurt Airport\n11 km']","False","[]","From 3:00 PM to 12:00 AM","Until 12:00 PM","False","['Elevator', 'Private Parking', 'Non-smoking rooms', 'Good Breakfast', 'Bar', '24-hour front desk', 'Facilities for disabled guests', 'Free Wifi']"
"NH Collection Frankfurt Spin Tower","Frankfurt","Güterplatz 1, Gallusviertel, 60327 Frankfurt, Germany Excellent location – rated 9/10!","","['Museumsufer\n2.8 km', 'German Leather Museum Offenbach\n8 km', 'Eiserner Steg\n2.3 km', 'Städel Museum\n1.7 km', 'Europaturm\n3.8 km', 'German Film Museum\n2 km', 'Römerberg\n2.2 km', 'Hauptwache\n2 km', 'Palmengarten\n1.8 km', 'Goethe House\n1.9 km']","['RestaurantPizza Tomate\n100 m', 'RestaurantMeazas Place\n30 m', 'RestaurantEmpanadiso\n100 m']","['TrainHauptbahnhof 900 m', 'SubwayGüterplatz 500 m', 'SubwayFesthalle/Messe 500 m', 'TrainFrankfurt Central Station 750 m']","['Frankfurt Airport\n10 km']","False","[]","From 3:00 PM","From 1:00 AM to 12:00 PM","False","['Private Parking', 'Restaurant', 'Non-smoking rooms', 'Fitness center', 'Tea/Coffee Maker in All Rooms', 'Room service', 'Excellent Breakfast', '24-hour front desk', 'Facilities for disabled guests', 'Free Wifi']"
